{
  "project_info": {
    "project_number": "3760922105",
    "firebase_url": "https://sanmaps18003959.firebaseio.com",
    "project_id": "sanmaps18003959",
    "storage_bucket": "sanmaps18003959.appspot.com"
  },
  "client": [
    {
      "client_info": {
        "mobilesdk_app_id": "1:3760922105:android:1ed3b1951adcbe0338f128",
        "android_client_info": {
          "package_name": "com.ShivSan18003959.sanmaps"
        }
      },
      "oauth_client": [
        {
          "client_id": "3760922105-qa0fhiheg5ulkd8ckvt8m3d0jnvr41o9.apps.googleusercontent.com",
          "client_type": 3
        }
      ],
      "api_key": [
        {
          "current_key": "AIzaSyBQpselqIuE8rQHLMqBhKwm79CAhm9rj-c"
        }
      ],
      "services": {
        "appinvite_service": {
          "other_platform_oauth_client": [
            {
              "client_id": "3760922105-qa0fhiheg5ulkd8ckvt8m3d0jnvr41o9.apps.googleusercontent.com",
              "client_type": 3
            }
          ]
        }
      }
    }
  ],
  "configuration_version": "1"
}