{
  "project_info": {
    "project_number": "645826073895",
    "firebase_url": "https://sanfitness18003959poe.firebaseio.com",
    "project_id": "sanfitness18003959poe",
    "storage_bucket": "sanfitness18003959poe.appspot.com"
  },
  "client": [
    {
      "client_info": {
        "mobilesdk_app_id": "1:645826073895:android:45ce51fbe434647f034502",
        "android_client_info": {
          "package_name": "com.Task2ShivR.sanfitness18003959poe"
        }
      },
      "oauth_client": [
        {
          "client_id": "645826073895-dif9glq70nrg227ptfo1nmabi0luoeqm.apps.googleusercontent.com",
          "client_type": 1,
          "android_info": {
            "package_name": "com.Task2ShivR.sanfitness18003959poe",
            "certificate_hash": "7cd23f9669ed497d7d6a21ebc5699422189d164e"
          }
        },
        {
          "client_id": "645826073895-t554294disridm0s6c91tjsuptjq9hnq.apps.googleusercontent.com",
          "client_type": 3
        }
      ],
      "api_key": [
        {
          "current_key": "AIzaSyD46fuUtJo39GjeuxsSpCLi030kudHYnVw"
        }
      ],
      "services": {
        "appinvite_service": {
          "other_platform_oauth_client": [
            {
              "client_id": "645826073895-t554294disridm0s6c91tjsuptjq9hnq.apps.googleusercontent.com",
              "client_type": 3
            }
          ]
        }
      }
    }
  ],
  "configuration_version": "1"
}